{
    "w": 0.7,
    "tau_alert": 0.4069999999999999,
    "tau_block": 0.5069999999999999
}